keep,card_a,card_b,shared_tag,oracle_id_a,oracle_id_b
,"Rocco, Street Chef",Soulless Jailer,hate-exile-cast (n=2),071f5b4b-6a1e-4dc3-9c08-b79713191811,7866ab01-22f3-4d87-bdb0-c0ae0e91ffc9
,Murmuring Bosk,Tournament Grounds,wedgeland (n=2),42b9d383-3fe2-4fc8-ab86-f80a288d502b,a3ed5d7f-c554-4d46-86e5-7bb8df2693f6
,Giant Ox,Interface Ace,buttcrew (n=2),b42bdf54-9055-405c-87e6-0912dbe2bd68,c4272676-a38a-4b23-988e-9cdb2feb46c1
,Bellowing Aegisaur,Vigor,grows-others (n=2),7063abe1-87dd-4526-9867-f7ce255b2cf0,70787d8b-0a40-43ea-837a-9617dc13e7e5
,Ajani's Comrade,Court Cleric,synergy-pw-ajani (n=2),15b86440-2040-47ae-ab4e-8445b3e24462,dec9edbb-677b-4773-8bc4-b388d7592276
,"Yuriko, the Tiger's Shadow","Derevi, Empyrial Tactician",activate-from-command-zone (n=2),a7043fbd-1dfd-42cf-be4b-cc343d0949e5,afa49a09-146f-4439-850e-dd1938c93cef
,Cairn Wanderer,"Rayami, First of the Fallen",hate-haste (n=2),a549d54f-2640-455c-8a93-bef4df2f9e8b,f196ae91-be5c-461b-a69f-aecb538923b4
,Maximum Carnage,Kraven's Last Hunt,marvel-storyline-name (n=2),7351fca5-8672-4ba3-a015-bd4b6b289efc,e74efcf2-d77f-4fb5-9027-77e462ec829e
,Vivien's Jaguar,Vivien's Crocodile,synergy-pw-vivien (n=2),32412a41-2929-4417-90bc-21c5659eeb72,b49791f9-525c-4b04-954d-d7678c5565e3
,Historian of Zhalfir,Teferi's Sentinel,synergy-pw-teferi (n=2),87e9065d-814a-47fa-9e92-19fb6fd6d78c,bf24c063-dd9a-4381-b94e-682b0cb0c03d
,Attendant of Vraska,Vraska's Conquistador,synergy-pw-vraska (n=2),9a639f82-24b6-4b54-8b9e-1fbc0f0094bf,d3839a3f-3018-4a8d-b298-3f5b5fc70cd1
,Moon-Eating Dog,Celestial Messenger,synergy-pw-yanling (n=2),a8e69725-cd57-4340-83b1-498bc0bd77b8,cf40caa2-cd5b-4372-ad4a-7f4cf564241e
,Tezzeret's Strider,Tezzeret's Simulacrum,synergy-pw-tezzeret (n=2),cac79a2b-1de3-4461-95ac-fa0f1129cd6b,dd886509-7455-4c8f-976f-0f5fafcb97be
,Corpse Cur,Hand of the Praetors,synergy-infect (n=2),8f59e4d9-67ba-4dc6-ae3e-183e63673318,f595c7f6-783f-4825-9c1a-e7f8edd380fd
,River Merfolk,Enslaved Scout,gains-mountainwalk (n=2),2f503ee5-9180-438e-8af5-2af7f8f08a3a,f39a3798-1ff0-4d1b-933f-bfcc0f265168
,"Saheeli, Radiant Creator",Captain Rex Nebula,animate-battle (n=2),20f602b3-814f-406c-b7eb-2d1fc98f8cf1,984adc49-421b-488f-b316-ed7323c5735b
,Hold for Questioning,Tamiyo's Compleation,lockdown-planeswalker (n=2),1095fcd9-8127-4345-9052-fccb350296d3,71d8b7f5-a5da-4528-815e-51c65626b681
,Tyranid Prime,Propagator Drone,gives-evolve (n=2),12a43da3-57aa-4394-8cce-e53ec7e3538e,9485db26-7e03-4a66-beeb-627a3bc6f367
,Weathered Runestone,Grafdigger's Cage,hate-library-cast (n=2),4386ae4e-560a-4251-942c-0f84ba7448fa,753cb2b2-24ce-484f-a2d0-be6fd2c67ebd
,Greater Werewolf,Lesser Werewolf,creature-type-lycanthrope (n=2),02847b0d-03a1-4e30-902e-60bdf6952c58,5542afeb-285f-4889-9d09-46ce20d0d189
,"Lorehold, the Historian","Aminatou, Veil Piercer",gives-miracle (n=2),61a41cf1-60cc-45ba-aa98-493c14e87d9d,bf45f5ee-4d5f-4920-b612-b5492c2f035d
,Cut Down,Stern Scolding,hate-low-toughness (n=2),1b30210d-10e9-4703-8967-032063bb4f26,3bc8a406-3ae7-4f56-a33c-b4a2c115b917
,Dermoplasm,Qarsi Deceiver,synergy-morph (n=2),963d4712-51b2-4102-9626-d810e4696b70,e12681cc-c66e-4dac-882c-bd8638a2e12c
,Deeptread Merrow,Shore Snapper,gains-islandwalk (n=2),b301b371-e99e-43cc-af7f-dbd7b2abe5f8,c5e2ed91-edd2-47ec-809e-3e4a4245e2ce
,Mystical Teachings,Waterlogged Teachings // Inundated Archive,tutor-flash (n=2),81d72511-88b4-45ec-a5a9-e722caf55577,e6ad1be9-f13d-4590-b3db-e2d0fff46f03
,Spirit Mirror,Pure Reflection,hate-typal-reflection (n=2),42e041c0-ffbc-4bf8-a5aa-f0d14aad7112,fee53820-a17c-4f34-9971-581bf8e12fd6
,"The Master, Mesmerist","Odric, Lunarch Marshal",synergy-skulk (n=2),306b6b9b-f488-4ea8-9f5e-9e8e7354df64,bad76170-c773-4be5-9457-20dc9f745cb4
,Dinosaur Hunter,River Darter,hate-typal-dinosaur (n=2),5c58f2eb-2617-4d10-a393-6e4a9eddd1dd,939a6815-bed1-43b0-bf4d-f0581ba0fed5
,Cavalry Master,Telim'Tor,synergy-flanking (n=2),7083dedd-b246-4fe0-b1ca-00c490ed9c6b,b13a723d-80a9-4116-9857-baf3b373f87a
,Dark Ritual,Culling the Weak,mana-source-type (n=2),53f7c868-b03e-4fc2-8dcf-a75bbfa3272b,6385fd0d-256d-4400-9319-afa8170024db
,Colonel Autumn,"Henry Wu, InGen Geneticist",gives-exploit (n=2),5c6ce876-781b-437d-b20e-db0b6e2769f4,d94a792f-a48b-4181-b656-86fe452a4875
,"Varolz, the Scar-Striped",Young Deathclaws,gives-scavenge (n=2),b6b83b88-0660-4227-895e-78ac43d01b66,f24fc213-6341-482c-a056-946d0f1dd76b
,"Yomiji, Who Bars the Way",Crystal Dragon // Rob the Hoard,regrowth-legendary (n=2),438be2fa-5f8d-42ff-894a-671ba4221196,56b0cb64-b886-413e-bb20-392bf12d3926
,Baneslayer Angel,Grey Knight Paragon,hate-typal-demon (n=2),0e11792b-7fe5-4208-aa0b-e5d09b2b65fe,12cc97ec-5d03-4434-a31b-51e77d208466
,Silver Scrutiny,Multiple Choice,low-x-matters (n=2),2b0b4fc1-9ad6-4259-a0a2-9a14484c246e,b4d23acf-ff1f-4a6a-9ede-2667a99e9665
,Guru Pathik,Master Piandao,impulse-instant-sorcery-lesson (n=2),4dcd7b78-ce5a-43eb-a16d-3b9ea411795d,e294d9d2-df91-4410-85d3-8ffb13fb2285
,Seedship Agrarian,Horizon Explorer,repeatable-landers (n=2),003d9c17-5d5c-469f-ad87-d78faf55e025,e8d20361-d9b7-4f9c-8ec5-3ac7c460dcb2
,"Halsin, Emerald Archdruid","The Mechanist, Aerial Artisan",animate-token (n=2),01ab3603-6c2f-4d65-9bb2-da95efdbe622,bad27b43-7716-4ce1-82ba-2a6d437363e7
,The Twelfth Doctor,Silverquill Lecturer,gives-demonstrate (n=2),9ecf19ba-754e-4bb3-b526-fe9df87a0f08,ac230b68-f945-4a1a-bd89-33e6d62e3c36
,Keepsake Gorgon,Pharika's Spawn,hate-typal-non-gorgon (n=2),3aa58e5a-1b5e-4fb3-bf2d-9bad8126b6e6,a44955e7-f1ad-41b9-b93d-0a980ac341d8
,Brine Giant,Sky-Blessed Samurai,affinity-for-enchantments (n=2),4ecbaf6a-aa03-45c8-a09e-6c7fc598ab9e,dad767d4-e7d4-4fe0-8a18-bb434c5268eb
,Rampart Smasher,Knight of the Mists,hate-typal-knight (n=2),5ece1778-fb19-40d5-8bcc-f23033e1d5c0,e9893534-3d05-42c2-93ff-f28ffae89aa3
,Paranormal Analyst,Qarsi Deceiver,synergy-manifest-dread (n=2),8cbe71d3-b77b-49a7-9c51-ed308011b8b0,e12681cc-c66e-4dac-882c-bd8638a2e12c
,Cephalid Snitch,Shay Cormac,removes-protection (n=2),15093579-8258-41d2-9738-aaa7e3824c40,95892392-2ed3-4c1a-bbaa-4083f526769c
,Form of the Dinosaur,Form of the Dragon,form (n=2),68af06fd-a715-47c6-b439-c9fcb1b01a1d,7b389f2b-fddc-46fb-85d5-4470565323f3
,Wolf Strike,Moonrager's Slash,night-matters (n=3),34237f39-1db3-4b3d-b87b-5fd1fbd5462a,40a41774-fe50-438d-85e4-7f2beb29fb82
,Wolf Strike,Olivia's Midnight Ambush,night-matters (n=3),34237f39-1db3-4b3d-b87b-5fd1fbd5462a,a3b8a08b-5409-4d5f-9bab-8a7a6376a5b9
,Moonrager's Slash,Olivia's Midnight Ambush,night-matters (n=3),40a41774-fe50-438d-85e4-7f2beb29fb82,a3b8a08b-5409-4d5f-9bab-8a7a6376a5b9
,Lullmage Mentor,"Baral, Chief of Compliance",synergy-counterspell (n=3),752566b4-d3f5-4f10-b6f5-7185809f7a9d,baf80db7-2ca8-4bfc-b5b6-25ed51878dd7
,Wormwood Treefolk,Viscid Lemures,gains-swampwalk (n=3),2a014ef1-0450-4485-8a8c-8210a985be4c,738d8d1c-4ceb-4115-89e1-1f2149fb4f5f
,Soulstone Sanctuary,Mutavault,becomes-changeling (n=3),3c0f99b8-0222-4fac-932a-eb5d77826564,6b3cc59a-7ea5-4eb5-9bf9-5a9c07f80e2b
,Soulstone Sanctuary,Faceless Haven,becomes-changeling (n=3),3c0f99b8-0222-4fac-932a-eb5d77826564,f74107d5-fb4a-464b-9251-42b84d91775d
,Mutavault,Faceless Haven,becomes-changeling (n=3),6b3cc59a-7ea5-4eb5-9bf9-5a9c07f80e2b,f74107d5-fb4a-464b-9251-42b84d91775d
,Cloak of Invisibility,Teferi's Curse,gives-phasing (n=3),68b06917-7f83-47d4-a466-4e6698cae56d,6e422d5e-d9f5-492d-b82a-31f7274d4153
,"Rakdos, the Showstopper",Rakdos the Defiler,hate-typal-non-demon (n=3),03a4b997-4738-41a9-933f-e1f765e3a75a,789bf406-38f0-4888-b2ff-c4a95ac79283
,"Rakdos, the Showstopper",Reaper from the Abyss,hate-typal-non-demon (n=3),03a4b997-4738-41a9-933f-e1f765e3a75a,d3a50d73-3a1f-43aa-ab97-c6c0031bb734
,Rakdos the Defiler,Reaper from the Abyss,hate-typal-non-demon (n=3),789bf406-38f0-4888-b2ff-c4a95ac79283,d3a50d73-3a1f-43aa-ab97-c6c0031bb734
,Common Bond,Seeds of Strength,repeated-effect (n=3),d52e9255-62e7-479f-8def-e92b96efdb89,dd3d4d96-1e88-49e1-8276-7f62c22ad91a
,Escaped Shapeshifter,Cairn Wanderer,hate-protection (n=3),17f2342b-4dd8-445a-a7c1-4a15a5688294,a549d54f-2640-455c-8a93-bef4df2f9e8b
,Escaped Shapeshifter,"Rayami, First of the Fallen",hate-protection (n=3),17f2342b-4dd8-445a-a7c1-4a15a5688294,f196ae91-be5c-461b-a69f-aecb538923b4
,Slimy Kavu,Tundra Kavu,land-kavu (n=3),95625072-c457-4224-b509-5feaa35e9ca6,b0b7d88b-694b-4bbe-888d-05245e7d1c3e
,Slimy Kavu,Kavu Recluse,land-kavu (n=3),95625072-c457-4224-b509-5feaa35e9ca6,d44ff432-7485-448f-a08d-8417e18b8820
,Tundra Kavu,Kavu Recluse,land-kavu (n=3),b0b7d88b-694b-4bbe-888d-05245e7d1c3e,d44ff432-7485-448f-a08d-8417e18b8820
,Desert Nomads,"Hazezon, Shaper of Sand",hate-desert (n=3),3247fca3-7458-47ee-875b-c55f2a3e2962,66b16cb3-c2b1-447c-a4b0-a67326c99f20
,Guardian of the Great Conduit,Avid Reclaimer,synergy-pw-nissa (n=3),1342bd59-91d3-4a5b-b853-542a52d7da6d,a94bb381-74e2-488f-896d-a017a2b568ab
,Scavenger Regent // Exude Toxin,Glorybringer,hate-typal-non-dragon (n=3),7e97a242-0bac-4f18-9228-e98ecca36254,b75c3902-633e-4d24-acde-d7a9cc8f466e
,Nullify,Avoid Fate,counterspell-aura (n=3),5ea295af-e117-49cc-836b-da16b5d5bbdf,c04dd88f-fb7f-43be-b586-7fc5642073dc
,Worldfire,Sway of the Stars,board-reset (n=3),ae0b8c13-0a71-4a60-bf9f-6e2da9503e9c,c4fccdd5-5b51-46b9-9937-9167c108743d
,"Wort, the Raidmother","Rassilon, the War President",gives-conspire (n=3),d6b67c7e-3b24-4f60-8e3a-c6ca45229d7f,ebec9957-b777-42ae-a394-85c7ed84d00a
,Canopy Cover,Treetop Bracers,gives-fake-flying (n=3),5b84101e-7e23-437d-835c-409bc061ecbb,ba71eb8a-f9f8-4608-88d8-963a1770d8d4
,Garruk's Harbinger,Predatory Wurm,synergy-pw-garruk (n=3),2dbe384b-71c4-43f9-be35-ba2894021b85,99ed6e18-7f14-4ea8-baee-ad6c081388ff
,Sakura-Tribe Springcaller,"Shizuko, Caller of Autumn",old-mana-burn-clause (n=3),675a0eff-4da0-45cd-9371-fca96c313f4c,c4984e18-9caf-4dd0-9c24-e60ccb27e2a0
,Struggle for Project Purity,Mirrodin Besieged,siege-modal (n=3),5958e9e3-9457-48e1-afc1-a5c89e3b0ed0,674e2683-31c0-4fee-95fb-98b1201e41e7
,Struggle for Project Purity,Battle of Hoover Dam,siege-modal (n=3),5958e9e3-9457-48e1-afc1-a5c89e3b0ed0,91596da5-5b1a-430c-a878-7757ae366b6b
,Mirrodin Besieged,Battle of Hoover Dam,siege-modal (n=3),674e2683-31c0-4fee-95fb-98b1201e41e7,91596da5-5b1a-430c-a878-7757ae366b6b
,Silver-Fur Master,"Satoru, the Infiltrator",synergy-ninjutsu (n=3),60ec735d-c9be-4776-beb7-f603ae22edbf,7555c429-5f2d-4171-b6b0-8e3c8da7f314
,Silver-Fur Master,Satoru Umezawa,synergy-ninjutsu (n=3),60ec735d-c9be-4776-beb7-f603ae22edbf,ed1d21ba-ddfe-4f82-9e37-93f9e2c7ba33
,"Satoru, the Infiltrator",Satoru Umezawa,synergy-ninjutsu (n=3),7555c429-5f2d-4171-b6b0-8e3c8da7f314,ed1d21ba-ddfe-4f82-9e37-93f9e2c7ba33
,Clandestine Chameleon,Tusk and Whiskers,synergy-ability-sticker (n=3),886e00ab-c694-4839-b3fb-7a72048db4b2,de45de7e-5bba-4612-8bb7-755710d93ecf
,Aura Graft,Fumble,theft-aura (n=3),00317e4f-0228-469a-9789-fb6c39976860,cbf68ddd-596f-4b2d-b93c-3b7976ba4d37
,Rory Williams,Epochrasite,gains-suspend (n=3),16a44586-ea1d-45f1-b9de-da1c11f729df,54e2d2ff-51d2-48a5-ab2e-7d9de8c78b7e
,Rory Williams,Sinister Concierge,gains-suspend (n=3),16a44586-ea1d-45f1-b9de-da1c11f729df,9b14c20f-c4ee-42ea-99cd-099b4eb25883
,Epochrasite,Sinister Concierge,gains-suspend (n=3),54e2d2ff-51d2-48a5-ab2e-7d9de8c78b7e,9b14c20f-c4ee-42ea-99cd-099b4eb25883
,Icatian Skirmishers,Urza's Engine,synergy-banding (n=3),8ddbe82b-7fc9-4b2c-85de-dc747adbb3ca,bf6ea878-044b-40a8-a21b-0191a948a69a
,Doomsday Specter,Shivan Wurm,gating (n=3),5811effb-5010-44b9-bb97-9d7eb358327f,fc988ce3-0cad-41a5-8f13-656caca732df
,Merrow Harbinger,Forerunner of the Heralds,tutor-creature-merfolk (n=3),035ee753-232f-4ba2-afbf-8d1eb162e6f8,56e2bdcf-d1d8-4c56-af3a-388cd42353e6
,Merrow Harbinger,Seahunter,tutor-creature-merfolk (n=3),035ee753-232f-4ba2-afbf-8d1eb162e6f8,59e1899f-a9e8-48aa-b3fb-0b7d9fd6859c
,Forerunner of the Heralds,Seahunter,tutor-creature-merfolk (n=3),56e2bdcf-d1d8-4c56-af3a-388cd42353e6,59e1899f-a9e8-48aa-b3fb-0b7d9fd6859c
,Dragonkin Berserker,Frenzied Raider,synergy-boast (n=3),06b77a80-4968-4385-960a-fb66bb4faa94,1207881c-4c03-48e1-9ca7-a2330e8053d1
,Dragonkin Berserker,"Birgi, God of Storytelling // Harnfel, Horn of Bounty",synergy-boast (n=3),06b77a80-4968-4385-960a-fb66bb4faa94,fb81e4d3-1d8c-4779-be62-87cf49277e51
,Frenzied Raider,"Birgi, God of Storytelling // Harnfel, Horn of Bounty",synergy-boast (n=3),1207881c-4c03-48e1-9ca7-a2330e8053d1,fb81e4d3-1d8c-4779-be62-87cf49277e51
,Overgrown Pest,"Tetzin, Gnome Champion // The Golden-Gear Colossus",synergy-dfc (n=3),ce84891f-07e1-4c72-a7b8-93b6afd1293e,e12b38e5-621b-4b2c-8c04-c15c41d4fc70
,Urban Retreat,Crypt of the Eternals,shardland (n=3),18290c4b-cff6-4ee5-a487-fe0d5706d3de,cc78776b-822b-4f11-8982-0805a25a9d36
,Urban Retreat,Oscorp Industries,shardland (n=3),18290c4b-cff6-4ee5-a487-fe0d5706d3de,f432eb6a-f1bf-4ce7-b915-1488dccb4bb9
,Crypt of the Eternals,Oscorp Industries,shardland (n=3),cc78776b-822b-4f11-8982-0805a25a9d36,f432eb6a-f1bf-4ce7-b915-1488dccb4bb9
,Argothian Enchantress,Femeref Enchantress,creature-type-enchantress (n=3),11f17f85-ca97-4551-838f-7cb32f0e5f10,8b983a46-580f-4a94-8ef3-5253e503148e
,Argothian Enchantress,Verduran Enchantress,creature-type-enchantress (n=3),11f17f85-ca97-4551-838f-7cb32f0e5f10,cd98a31b-cc7e-43f9-982e-109ad9850908
,Femeref Enchantress,Verduran Enchantress,creature-type-enchantress (n=3),8b983a46-580f-4a94-8ef3-5253e503148e,cd98a31b-cc7e-43f9-982e-109ad9850908
,Scrollshift,Flicker of Fate,flicker-enchantment (n=3),9f762b9f-7525-4ff8-bc1d-fbab66fd4013,d5b9d250-92f5-40d8-b962-4ae4adb466c8
,Eye of Ugin,Sanctum of Ugin,tutor-creature-colorless (n=3),10d13ff6-c4d0-4753-8939-a8a90f0e92bb,72cb5dcd-9b24-435c-921a-3766108374c4
,Joyful Stormsculptor,"Kasla, the Broken Halo",synergy-convoke (n=3),39867856-c1f3-442a-abe9-53f8f73777d0,b2d4ce3c-00b1-4a72-b652-4c129475080f
,Colonel Autumn,Skull Skaab,synergy-exploit (n=3),5c6ce876-781b-437d-b20e-db0b6e2769f4,c73839bf-7500-4fd4-aa2b-e2e2e157784d
,Skull Skaab,"Henry Wu, InGen Geneticist",synergy-exploit (n=3),c73839bf-7500-4fd4-aa2b-e2e2e157784d,d94a792f-a48b-4181-b656-86fe452a4875
,Scarab of the Unseen,Portal of Sanctuary,rescue-aura (n=3),5f085af7-ce66-4019-9516-d1650ee7b6e0,c30491b5-08fe-4694-9ac8-53be7b4b92ce
,Blazethorn Scarecrow,Thornwatch Scarecrow,gains-wither (n=3),5f7a4ffb-83f7-46e5-b0a7-c8b068af6969,fe01e07c-dbca-4598-a944-1b194df44260
,"Thrun, the Last Troll",Taoist Hermit,keyword-errata-hexproof (n=3),1149e5ac-554a-41b1-84ae-bac42579c1aa,960b1251-12af-4766-8df1-bb98e7e967f5
,"Thrun, the Last Troll","Zuo Ci, the Mocking Sage",keyword-errata-hexproof (n=3),1149e5ac-554a-41b1-84ae-bac42579c1aa,ae8773a3-05f2-4074-9a53-033b0c127235
,Taoist Hermit,"Zuo Ci, the Mocking Sage",keyword-errata-hexproof (n=3),960b1251-12af-4766-8df1-bb98e7e967f5,ae8773a3-05f2-4074-9a53-033b0c127235
,Oath of Ajani,Oath of Kaya,gatewatch-oath (n=3),1ec39c8f-eb1e-4881-a749-0c188788b612,8b3febb9-0597-46af-b005-982f1a31c83e
,"Silverquill, the Disputant","Anhelo, the Painter",gives-casualty (n=3),66deb3f3-0314-427e-9cb8-6befa365ae94,d3c3f293-6790-4dce-900a-8af0464c2572
,"Silverquill, the Disputant","Ashad, the Lone Cyberman",gives-casualty (n=3),66deb3f3-0314-427e-9cb8-6befa365ae94,f3902dfd-6d09-425f-8446-a68cae2eea50
,"Anhelo, the Painter","Ashad, the Lone Cyberman",gives-casualty (n=3),d3c3f293-6790-4dce-900a-8af0464c2572,f3902dfd-6d09-425f-8446-a68cae2eea50
,"Harald, King of Skemfar",Sylvan Messenger,impulse-creature-elf (n=3),0089b07c-7f47-4a9a-9fb7-cc38ec9d7bcd,ba310102-8272-4d64-a00b-9e7346cb5f46
,Psychic Overload,Mist of Stagnation,lockdown-permanent (n=3),c50354fc-7dfe-4ea7-87dd-488ca6213344,e78673c4-a969-443f-b1a4-0eb37b8111af
,Arcus Acolyte,Enduring Sliver,gives-outlast (n=3),628f2deb-519e-4810-a7e5-e31316e9a4e0,f9726123-f87b-41bb-9b6f-6d2fbcf0eae2
,Angel of Jubilation,"Yasharn, Implacable Earth",hate-life-payment (n=3),36c2fc4c-7d8b-47c2-91c3-e356df60b219,6dc23410-4d8f-4c8a-92b4-a8b3fae1af4e
,Martyrs of Korlis,Veteran Bodyguard,creature-type-bodyguard (n=3),7ca54a23-f8eb-4982-b4ee-7392e2f2a1b3,d29078c0-1fb8-437a-81d1-bb319f646941
,Lux Artillery,Solar Array,gives-sunburst (n=3),cbd76b22-d04e-48e7-bcab-c7f5466d67d8,e8e2f273-5e74-4f16-8d49-2e86e9c9f2dc
,"Vraska, the Silencer",Vincent Valentine // Galian Beast,death-trigger-opponent (n=3),e7c5a568-3855-4a20-9edf-01a8a6a4ba97,f40e6bbf-1fed-4ec5-869d-18c2dd396d14
,"Averna, the Chaos Bloom",The First Doctor,synergy-cascade (n=3),23695bc2-86d3-4d78-b374-9e83c4cc9cc4,5611b70d-f8d1-4a8f-b9a2-a356264a7c46
,"Quintorius, Loremaster","Narset, Enlightened Exile",graveyard-fuel-noncreature (n=3),c3d38129-b955-4fb5-8486-095f918935b9,d92725de-ead0-4a6c-83db-55ec3acc7184
,True-Name Nemesis,Sawhorn Nemesis,nemesis-mega-cycle (n=3),112322ad-8f66-4cd4-98a1-f425d61a69ce,2f9107c5-991a-4c20-9b77-2e2fb4b9dc53
,True-Name Nemesis,Sewer Nemesis,nemesis-mega-cycle (n=3),112322ad-8f66-4cd4-98a1-f425d61a69ce,c7f1a49a-cc22-432f-bf3e-50ba61982b87
,Sawhorn Nemesis,Sewer Nemesis,nemesis-mega-cycle (n=3),2f9107c5-991a-4c20-9b77-2e2fb4b9dc53,c7f1a49a-cc22-432f-bf3e-50ba61982b87
,Practiced Scrollsmith,"Narset, Enlightened Exile",graveyard-fuel-noncreature (n=3),a02f9f42-4c3a-4a97-8667-68ba4617f193,d92725de-ead0-4a6c-83db-55ec3acc7184
,Drain Power,Piracy,theft-mana (n=3),0669172d-396b-4f5a-9703-129c5c849b55,131acf69-fa5c-4ce7-9e39-2677af4f8907
,Emeritus of Conflict // Lightning Bolt,Captain Ripley Vance,third-spell-matters (n=3),5963eef1-1022-42b1-8a0c-fc9850bfc2a3,eefeeab1-b9f2-451a-9250-eb7b54d00fc1
,Steel Wrecking Ball,Runaway Boulder,noncreature-virtual-vanilla (n=3),3a07e22c-71cd-4723-b07e-0ff02009a878,57f15861-82cf-4faf-827c-9bc7f4844d2a
,"Kethis, the Hidden Hand",Serah Farron // Crystallized Serah,cost-reducer-legendary (n=3),1bf08ba0-4235-4dea-9722-ed991a3b6044,a8a7a3b7-015c-4fbd-8b90-e0ddf71663e4
,Unblinking Observer,Shipwreck Sifters,synergy-disturb (n=3),871c4b27-990a-4947-b962-8a6d0bfd85ad,d70ee6f1-541b-43b4-897c-68a231beb894
,Apocalypse Chime,City in a Bottle,expansion-sweeper (n=3),995e2412-3f69-4aaf-a5d6-ae0ecbb95061,a83f25e3-4d84-4c9b-ab12-19b8d326e459
,Dream Devourer,"Bohn, Beguiling Balladeer",gives-foretell (n=3),0ff7440b-b831-40a9-81c4-99d77bf93b8d,ab31b652-ddf2-480f-a955-e8b5c87728f9
,Odylic Wraith,Hidden Horror,creature-type-undead (n=3),613fa223-856e-49c4-8952-224895e00b5e,db7c5a2f-9aea-4b14-86cf-7af79d6484af
,Odylic Wraith,Urborg Stalker,creature-type-undead (n=3),613fa223-856e-49c4-8952-224895e00b5e,e5ef45e4-8c19-40bf-8756-c1b408dcb2fb
,Hidden Horror,Urborg Stalker,creature-type-undead (n=3),db7c5a2f-9aea-4b14-86cf-7af79d6484af,e5ef45e4-8c19-40bf-8756-c1b408dcb2fb
,Floodpits Drowner,Sensational Spider-Man,stun-counters-matter (n=3),43c69d19-c06c-470a-bdba-a0335ff2d655,8c489e39-b9ff-400f-a855-3cddf7e112e6
,Benalish Hero,Kjeldoran Warrior,creature-type-hero (n=3),4c81cfb7-8765-4e28-ae33-4287fa9a86cc,73b70a48-b62c-4fdf-9c2d-c6d6688f9ac8
,Flailing Manticore,Moss Monster,creature-type-monster (n=3),044a169e-32ae-464a-a642-8d3409e82d9f,60efa8a2-6903-4756-92fd-29f6ba6ef67a
,Shoreline Raider,Coastal Drake,hate-typal-kavu (n=3),79dcc432-e8f5-4f2b-bff8-5ae964714666,d4220231-e9ac-4390-8c7b-979549b26d33
,Shoreline Raider,Alpha Kavu,hate-typal-kavu (n=3),79dcc432-e8f5-4f2b-bff8-5ae964714666,f1a76cca-829a-4576-a560-f1af34b80b87
,Coastal Drake,Alpha Kavu,hate-typal-kavu (n=3),d4220231-e9ac-4390-8c7b-979549b26d33,f1a76cca-829a-4576-a560-f1af34b80b87
,"Aragorn, Hornburg Hero",Valeron Wardens,synergy-renown (n=3),07326335-45dd-4ebd-8ae6-5191b6eb2928,d1202573-2105-4d4d-ae7d-7164974b6d89
,Gilt-Leaf Winnower,Master Symmetrist,square-stats-matter (n=3),53b99846-3f80-4e9d-ad3c-52a4906b8823,ffce416c-90c6-43ed-9019-e5a32accad6d
,Champion's Drake,Venerated Teacher,synergy-level-up (n=3),3aca5718-9151-4a5b-b8a3-bfac7abf65ef,be118a2d-a27e-4174-86db-d9a2d304da2f
,Scales of Shale,Polliwallop,affinity-for-creature-type (n=3),655a2b78-6a6c-4b9e-b7c0-48d3768978f5,efd2a4ca-1bd0-4762-a997-f099326b1746
,"Doctor Octopus, Master Planner","Damia, Sage of Stone",draw-to-seven (n=3),2fecfbef-e521-4025-94ea-451c9abde3de,eb7ae3e8-0489-4f3a-8343-7e7ec2fe3f01
,Flowstone Embrace,Second Wind,tappable-enchantment (n=3),18a45b81-1946-4be6-8f2c-8c21d11c86f8,1d8569c1-0b10-40a7-9a87-38571a782dd9
,Flowstone Embrace,Witch's Mist,tappable-enchantment (n=3),18a45b81-1946-4be6-8f2c-8c21d11c86f8,4327225e-140f-45a4-a56f-dcf472f6c062
,Second Wind,Witch's Mist,tappable-enchantment (n=3),1d8569c1-0b10-40a7-9a87-38571a782dd9,4327225e-140f-45a4-a56f-dcf472f6c062
,Martyrs of Korlis,Anaba Bodyguard,creature-type-bodyguard (n=3),7ca54a23-f8eb-4982-b4ee-7392e2f2a1b3,8c64db66-879e-46ad-9d11-8a95b6cf5d19
,Anaba Bodyguard,Veteran Bodyguard,creature-type-bodyguard (n=3),8c64db66-879e-46ad-9d11-8a95b6cf5d19,d29078c0-1fb8-437a-81d1-bb319f646941
,Deeproot Historian,Six,gives-retrace (n=3),4b8d82fe-571d-4fd6-8d0c-77b7e5ef3e23,dbcbdf37-c40f-4068-b4a7-a849cab1056c
,Bile Blight,Echoing Decay,removal-token (n=4),0dd95516-893d-477e-a38c-3cc37c6e7ae0,a1e46cc7-47da-4165-8c6b-f1cd2aa79aa5
,Bile Blight,Echoing Truth,removal-token (n=4),0dd95516-893d-477e-a38c-3cc37c6e7ae0,ef100544-3e6d-4661-a1d1-8b02e58c059c
,Echoing Decay,Echoing Truth,removal-token (n=4),a1e46cc7-47da-4165-8c6b-f1cd2aa79aa5,ef100544-3e6d-4661-a1d1-8b02e58c059c
,Kargan Intimidator,"Gornog, the Red Reaper",hate-typal-coward (n=4),045bf1fd-f375-47a0-9983-7e2ebfed7854,adfd6c2d-a7f8-4f5c-bc31-d65c8150ed49
,Dark Intimations,Hour of Devastation,synergy-pw-bolas (n=4),228cb63f-0b93-4be5-94e5-4eaae9112eeb,b9ea0d4c-cd71-4817-8213-96899e1a14bb
,Sword of Kaldra,Godsend,exiletouch (n=4),35f63c60-b0a1-459d-bf51-a8549fb06930,dd91f4f2-ea46-48c5-8a80-0dc4ae5b79c4
,Petrahydrox,Mirozel,rescue (n=4),545c516f-85a4-4a59-8cfa-03da27121a57,c35111ce-4325-4547-b954-08275a268060
,Spider-Man 2099,Serra Avenger,turns-taken-matter (n=4),19845456-3d96-48a4-89fa-9b8e583774c9,b91b65b3-b35c-460e-a49b-333000a9a519
,"Storm, Force of Nature",Crackling Spellslinger,gives-storm (n=4),7c47876d-143f-4e4c-b151-90c099e452a1,ed7ba558-5341-4c7b-a9c5-b382dee88a13
,Scarecrone,"Desdemona, Freedom's Edge",reanimate-artifact-creature (n=4),f45716dc-c613-4b14-865d-419395fb02f6,fd06d110-417c-42f5-a7b2-fd032f631dd2
,Gideon's Company,Companion of the Trials,synergy-pw-gideon (n=4),083dcc19-3357-48e4-94e8-8da5bbfba210,3aa654cb-c0a0-48e7-901a-c690120b1510
,Liliana's Scrounger,Arisen Gorgon,synergy-pw-liliana (n=4),595f1dee-8c3b-44a6-9e71-a4bb4334b309,69858691-1190-4454-af0a-87c2ac4ab6ec
,Liliana's Scrounger,Desiccated Naga,synergy-pw-liliana (n=4),595f1dee-8c3b-44a6-9e71-a4bb4334b309,ab172e3e-e71e-4627-9b9a-a9295b891533
,Arisen Gorgon,Desiccated Naga,synergy-pw-liliana (n=4),69858691-1190-4454-af0a-87c2ac4ab6ec,ab172e3e-e71e-4627-9b9a-a9295b891533
,Sliver Gravemother,Graywater's Fixer,gives-encore (n=4),0d59f010-9669-4ad2-9ae9-cd88b85f282c,93438939-3909-4e59-bfe4-760ec73eb57d
,Sliver Gravemother,Wire Surgeons,gives-encore (n=4),0d59f010-9669-4ad2-9ae9-cd88b85f282c,c51078d9-a53a-49ae-9658-2bc00cce2b81
,Araumi of the Dead Tide,Graywater's Fixer,gives-encore (n=4),1a62ba93-153c-4bed-9f6a-ff914df360c1,93438939-3909-4e59-bfe4-760ec73eb57d
,Urban Retreat,Talon Gates of Madara,sneak-self (n=4),18290c4b-cff6-4ee5-a487-fe0d5706d3de,8c45bf9d-a017-43bf-9e32-67810a8a217b
,Walking Sponge,Archetype of Aggression,removes-trample (n=4),000e5d65-96c3-498b-bd01-72b1a1991850,263408e6-b315-4af5-8cb8-3fd1aa88e48c
,Entangling Trap,Sylvan Echoes,synergy-clash (n=4),229b1e23-8e91-46e8-b0c3-1c5b2c9411da,6d19e2bb-2e5f-4e55-bb86-de01ea35263d
,Shambling Swarm,Blood Hound,temporary-counter (n=4),7807122e-917f-4a79-876e-d1c10f7a38ed,ace532a3-fa6e-479d-b169-1fb24c3d0f8c
,Shambling Swarm,Discordant Spirit,temporary-counter (n=4),7807122e-917f-4a79-876e-d1c10f7a38ed,ce785306-eaf5-42b3-9840-884cd690ae0a
,Blood Hound,Discordant Spirit,temporary-counter (n=4),ace532a3-fa6e-479d-b169-1fb24c3d0f8c,ce785306-eaf5-42b3-9840-884cd690ae0a
,Krovikan Sorcerer,Fa'adiyah Seer,discard-outlet-last-drawn (n=4),00e6808c-1f9e-4b6a-807c-83f433b81a41,8ba2f559-f9bd-48ef-9fef-6dffe768f4ed
,Krovikan Sorcerer,Sindbad,discard-outlet-last-drawn (n=4),00e6808c-1f9e-4b6a-807c-83f433b81a41,dc81069b-b2cf-44b3-98fc-45bb24b815cb
,Fa'adiyah Seer,Sindbad,discard-outlet-last-drawn (n=4),8ba2f559-f9bd-48ef-9fef-6dffe768f4ed,dc81069b-b2cf-44b3-98fc-45bb24b815cb
,Mindstatic,Convolute,mana-leak-series (n=4),880e0177-f1d2-4bdc-83b4-cae6a0706ef9,cd201ded-cfaf-4a51-9fcc-6a61b3c910b0
,Mana Leak,Convolute,mana-leak-series (n=4),c61fe162-2202-4e56-9ba0-393547f9875f,cd201ded-cfaf-4a51-9fcc-6a61b3c910b0
,Mana Leak,Spell Pierce,mana-leak-series (n=4),c61fe162-2202-4e56-9ba0-393547f9875f,d64b0848-0193-4025-ba62-63ecd8fb9f50
,"Nahiri, Forged in Fury",Oxidda Finisher,affinity-for-equipment (n=4),87966759-206a-4a2d-bf78-86f727c29972,f308a1de-94a6-4f9f-8f46-6f2018959b40
,Homing Sliver,Jo Grant,gives-cycling (n=4),34b4d137-780b-446c-8cdd-fd1673180971,65ea3638-1766-4096-88a8-662a0d6faf0c
,Homing Sliver,Rhet-Tomb Mystic,gives-cycling (n=4),34b4d137-780b-446c-8cdd-fd1673180971,e445825a-e70e-4796-99be-4a7c4080b8cc
,Jo Grant,Rhet-Tomb Mystic,gives-cycling (n=4),65ea3638-1766-4096-88a8-662a0d6faf0c,e445825a-e70e-4796-99be-4a7c4080b8cc
,Urborg,Hammerheim,removes-landwalk (n=4),b6114962-035e-4e7f-9009-4739bf83a05a,c7476beb-7923-4994-8476-bc69187ecb72
,Stranglehold,Trouble in Pairs,prevent-extra-turns (n=4),b66c6e3a-daed-43a3-95d6-4f9d6223bbf1,f349f58b-8cc8-45e4-9565-2b46fdf976c9
,Virulent Sliver,"Fynn, the Fangbearer",gives-poisonous (n=4),767c896d-4ff6-4cd4-b3a4-80179e84e1cd,c0b1fba1-4338-4671-934b-098689ad2085
,Virulent Silencer,"Fynn, the Fangbearer",gives-poisonous (n=4),7d70a2f4-92cb-40c3-9e5a-f6c57d4a64c2,c0b1fba1-4338-4671-934b-098689ad2085
,Traveling Plague,Parasitic Bond,pseudo-curse (n=4),371e8e29-f569-4b23-bae4-cf89e5b09fd3,9d973df5-b2e8-4af8-8379-0f8282e1e62a
,Parasitic Bond,Stab Wound,pseudo-curse (n=4),9d973df5-b2e8-4af8-8379-0f8282e1e62a,aad212b2-57ba-4e70-869b-636842eb7a88
,Stab Wound,Morgul-Knife Wound,pseudo-curse (n=4),aad212b2-57ba-4e70-869b-636842eb7a88,f48b2349-797e-4e79-aea7-2413e78129e1
,Trenchpost,Glimmerpost,synergy-locus (n=4),42f1ccb8-eda0-4828-ac07-82d4e950d7e1,92c9aad6-35ec-425d-be7d-393328992820
,Trenchpost,Cloudpost,synergy-locus (n=4),42f1ccb8-eda0-4828-ac07-82d4e950d7e1,f705c0eb-9c6c-4315-a860-208ed0c5d93e
,Glimmerpost,Cloudpost,synergy-locus (n=4),92c9aad6-35ec-425d-be7d-393328992820,f705c0eb-9c6c-4315-a860-208ed0c5d93e
,Stock Up,Recross the Paths,bottom-deck-manipulation (n=4),2251e34e-4ce8-4452-9dc6-d8cce8583996,2c132e6f-2e9e-4b39-81a8-f88c32173cd5
,Air Bladder,Dense Canopy,gives-high-flying (n=4),25c8a3b0-c393-4fc6-a373-808cd8e9850c,d182ab7d-77bd-49d1-9001-9b4016350181
,Air Bladder,Stratus Walk,gives-high-flying (n=4),25c8a3b0-c393-4fc6-a373-808cd8e9850c,eda37caa-d676-460a-804b-3ba9d8a8d044
,Dense Canopy,Chaosphere,gives-high-flying (n=4),d182ab7d-77bd-49d1-9001-9b4016350181,ed01d5d7-8f34-47b3-9ca8-d82c242d38b4
,Dense Canopy,Stratus Walk,gives-high-flying (n=4),d182ab7d-77bd-49d1-9001-9b4016350181,eda37caa-d676-460a-804b-3ba9d8a8d044
,Chaosphere,Stratus Walk,gives-high-flying (n=4),ed01d5d7-8f34-47b3-9ca8-d82c242d38b4,eda37caa-d676-460a-804b-3ba9d8a8d044
,Dormant Sliver,Sliver Overlord,hate-typal-sliver (n=4),2bc3d5b2-076f-4e01-87be-28d7eb70a2db,762d864b-69bc-43ac-af2f-e18186010169
,Dormant Sliver,Plague Sliver,hate-typal-sliver (n=4),2bc3d5b2-076f-4e01-87be-28d7eb70a2db,ee10dc06-26e1-4f50-a0a6-6d039e71b75f
,Sliver Overlord,Plague Sliver,hate-typal-sliver (n=4),762d864b-69bc-43ac-af2f-e18186010169,ee10dc06-26e1-4f50-a0a6-6d039e71b75f
,"Ojer Pakpatiq, Deepest Epoch // Temple of Cyclical Time","Taigam, Ojutai Master",gives-rebound (n=4),34ef174e-1b3d-43d5-9f72-3d35befbdd7f,e4cf3710-8600-4f95-abb2-faefdc25693d
,Dread Presence,Veilborn Ghoul,swampfall (n=4),1690a782-9e54-4231-9a72-abae5ed7050c,8381b04a-666b-4e33-b277-6db39fdfe905
,Veilborn Ghoul,Guul Draz Overseer,swampfall (n=4),8381b04a-666b-4e33-b277-6db39fdfe905,9eff1ce5-41e4-4ae6-9480-2b549c8546bd
,Drannith Magistrate,Ghostly Pilferer,hate-nonhand-cast (n=4),aadd10d0-6dd0-4bdc-8d93-ff08e29a5863,fe168bf1-f626-460c-890b-1ce758af01fc
,Widespread Panic,Psychic Surgery,hate-shuffle (n=4),853a3c2b-3d37-453a-8a77-4d90bd3a1cb7,e5128230-3535-4f77-8b97-20d0791e7b1d
,Ivory Mask,Solitary Confinement,gives-player-shroud (n=4),028bc726-0e86-4c53-9648-625153ae4b01,d41ab41d-07c8-4f6d-be5e-7aec9f5f6365
,Stonework Packbeast,Tajuru Paragon,multiclass-party-member (n=4),782c47c5-b108-415c-9b70-a033ac52956f,b03a9d03-4853-4856-8cfa-ad4085e0e3e3
,Static Orb,Winter Orb,deprecated-untapped-artifact (n=4),0004ebd0-dfd6-4276-b4a6-de0003e94237,1dcbd583-3388-4b34-a7cd-131648aa6abd
,Static Orb,Howling Mine,deprecated-untapped-artifact (n=4),0004ebd0-dfd6-4276-b4a6-de0003e94237,d26b27db-a567-4631-b4b6-7294222fbdd1
,Winter Orb,Howling Mine,deprecated-untapped-artifact (n=4),1dcbd583-3388-4b34-a7cd-131648aa6abd,d26b27db-a567-4631-b4b6-7294222fbdd1
,The Wandering Emperor,"Teferi, Master of Time",instant-loyalty-ability (n=4),0c7f18d5-36cb-4bc6-a358-443b97666215,e802fb53-7cf5-46bc-8a0b-f99cf5c20f74
,Will Kenrith,"Tezzeret, Master of the Bridge",cost-reducer-planeswalker (n=4),20dbfc9a-172e-4065-bfde-d40de3131787,d097991c-41df-47de-a439-57a0693b9581
,Storm Fleet Negotiator,Sentinel of the Nameless City,repeatable-maps (n=4),60cb885c-5cd3-4963-8a6a-cebf07cc61b5,a5bbfe32-2fb9-48a0-bc8a-e9899aac1fda
,Goblin Matron,Moggcatcher,tutor-creature-goblin (n=4),145737a7-c597-4dec-b752-207c2d0501e3,4845dc21-7534-4896-b298-4d44cd7a3b27
,Goblin Matron,Boggart Harbinger,tutor-creature-goblin (n=4),145737a7-c597-4dec-b752-207c2d0501e3,56508ae7-6013-4149-8935-96b8d5091baa
,Goblin Matron,Goblin Recruiter,tutor-creature-goblin (n=4),145737a7-c597-4dec-b752-207c2d0501e3,792e1072-00bf-4f63-b956-5f20cdf09f11
,Moggcatcher,Boggart Harbinger,tutor-creature-goblin (n=4),4845dc21-7534-4896-b298-4d44cd7a3b27,56508ae7-6013-4149-8935-96b8d5091baa
,Boggart Harbinger,Goblin Recruiter,tutor-creature-goblin (n=4),56508ae7-6013-4149-8935-96b8d5091baa,792e1072-00bf-4f63-b956-5f20cdf09f11
,Orcish Captain,East-Mark Cavalier,hate-typal-orc (n=4),76c06de7-39ff-4b80-8e54-20910372cffd,884d08bf-7e97-40cc-864e-445ae0bd1646
,Orcish Captain,Dwarven Soldier,hate-typal-orc (n=4),76c06de7-39ff-4b80-8e54-20910372cffd,88f9075c-ea96-4f8d-b0d1-e5e244e824c1
,East-Mark Cavalier,Dwarven Soldier,hate-typal-orc (n=4),884d08bf-7e97-40cc-864e-445ae0bd1646,88f9075c-ea96-4f8d-b0d1-e5e244e824c1
,Fortified Beachhead,Cryptic Spires,dual-land (n=4),387fe395-e4a0-4fb2-8d6c-88a1a21d2ed8,6d6a25fb-0432-4c7d-b0e6-e787ddc71218
,Fortified Beachhead,"Balamb Garden, SeeD Academy // Balamb Garden, Airborne",dual-land (n=4),387fe395-e4a0-4fb2-8d6c-88a1a21d2ed8,8b84fec5-617c-4088-8250-2ba1f1f9479a
,Fortified Beachhead,Mount Doom,dual-land (n=4),387fe395-e4a0-4fb2-8d6c-88a1a21d2ed8,995c8dac-fd27-468a-abd4-02372cf0c850
,Cryptic Spires,"Balamb Garden, SeeD Academy // Balamb Garden, Airborne",dual-land (n=4),6d6a25fb-0432-4c7d-b0e6-e787ddc71218,8b84fec5-617c-4088-8250-2ba1f1f9479a
,Cryptic Spires,Mount Doom,dual-land (n=4),6d6a25fb-0432-4c7d-b0e6-e787ddc71218,995c8dac-fd27-468a-abd4-02372cf0c850
,"Balamb Garden, SeeD Academy // Balamb Garden, Airborne",Mount Doom,dual-land (n=4),8b84fec5-617c-4088-8250-2ba1f1f9479a,995c8dac-fd27-468a-abd4-02372cf0c850
,Amrou Seekers,Skirk Shaman,pseudo-intimidate (n=4),396efb56-7a54-4d91-b2ce-7f3c62c3238b,78d5ce34-f160-4925-a4ce-25a3546d97c7
,Cosmium Confluence,Rootcast Apprenticeship,confluence (n=4),798aaf78-16d9-474b-a963-f5e9c39aae6e,ffe13100-99dd-41e3-82ba-eaead6fd0113
,Samwise Gamgee,"Elena, Turk Recruit",regrowth-historic (n=4),7ce37c26-91ea-493f-bfc3-a890d4538bc1,f5b6835b-7ebe-4855-8b3e-bffb74fd50ee
,Layla Hassan,"Elena, Turk Recruit",regrowth-historic (n=4),e27feb69-3120-4e8d-8ee6-0f87b58e2ae3,f5b6835b-7ebe-4855-8b3e-bffb74fd50ee
,Tempest Efreet,Timmerian Fiends,theft-ownership (n=4),272016e1-df1e-4376-9851-af8b1ecba2f4,2d2fab27-8793-4212-a512-c4f0c8c55eeb
,Forerunner of the Empire,"Huatli, Poet of Unity // Roar of the Fifth People",tutor-creature-dinosaur (n=4),113c3024-c3bd-4c3a-8c08-3828646d9ca2,2e6ed3e6-d2b8-4b75-b7e1-0773da4987a1
,Ian Chesterton,Hatchery Sliver,gives-replicate (n=4),32c9ce8c-a19d-49e4-bc6d-c7182fa00b51,6227fb65-d7ef-4bc6-a076-9aa10941632c
,"Razaketh, the Foulblooded",Griselbrand,liliana-s-pact-demon (n=4),136c9ecb-59b4-4ef6-bcb2-7b8d3df3ee75,f759d112-76db-4091-a22b-b9f19ab6fa5f
,Demonlord Belzenlok,"Kothophed, Soul Hoarder",liliana-s-pact-demon (n=4),667ece0e-a474-4e11-8ac4-6c8fc354457c,85e1791f-f9a0-4e82-baf6-33cff2dcf60b
,Fleshgrafter,Sanctum Spirit,discard-outlet-artifact (n=4),04b1fb9e-4aef-46d9-b163-f9beff198bad,1e640846-8f50-4a94-b7aa-f228124290d3
,Fleshgrafter,Neurok Prodigy,discard-outlet-artifact (n=4),04b1fb9e-4aef-46d9-b163-f9beff198bad,910860ce-d617-48c1-b44d-b1d95cdd006f
,Sanctum Spirit,Neurok Prodigy,discard-outlet-artifact (n=4),1e640846-8f50-4a94-b7aa-f228124290d3,910860ce-d617-48c1-b44d-b1d95cdd006f
,Will of the Jeskai,Step Between Worlds,wheel-symmetrical-optional (n=4),2c3e6377-d09c-46b6-8a83-ada4a2930b14,48b43d53-9a8a-47a2-8610-a54d276d7be7
,Will of the Jeskai,Snort,wheel-symmetrical-optional (n=4),2c3e6377-d09c-46b6-8a83-ada4a2930b14,ab94985c-5a3e-42c7-be10-29c5b638346b
,Step Between Worlds,Snort,wheel-symmetrical-optional (n=4),48b43d53-9a8a-47a2-8610-a54d276d7be7,ab94985c-5a3e-42c7-be10-29c5b638346b
,Courageous Outrider,"Winota, Joiner of Forces",impulse-creature-human (n=4),00915480-ffa8-4930-a158-b1c1f75b7876,02598a35-1b11-4abe-89cd-fc44c8c36c15
,Courageous Outrider,"Sigarda, Champion of Light",impulse-creature-human (n=4),00915480-ffa8-4930-a158-b1c1f75b7876,24919141-82d2-42ad-963c-e53511a868b3
,Courageous Outrider,"Boromir, Gondor's Hope",impulse-creature-human (n=4),00915480-ffa8-4930-a158-b1c1f75b7876,5bb5e4e5-c3b4-4f67-83e1-bde9ce9f18c4
,"Winota, Joiner of Forces","Sigarda, Champion of Light",impulse-creature-human (n=4),02598a35-1b11-4abe-89cd-fc44c8c36c15,24919141-82d2-42ad-963c-e53511a868b3
,"Winota, Joiner of Forces","Boromir, Gondor's Hope",impulse-creature-human (n=4),02598a35-1b11-4abe-89cd-fc44c8c36c15,5bb5e4e5-c3b4-4f67-83e1-bde9ce9f18c4
,"Sigarda, Champion of Light","Boromir, Gondor's Hope",impulse-creature-human (n=4),24919141-82d2-42ad-963c-e53511a868b3,5bb5e4e5-c3b4-4f67-83e1-bde9ce9f18c4
,"Sigrid, God-Favored","Kratos, Stoic Father",hate-typal-god (n=4),84d37104-2681-42c1-9d19-91a2ebe6a435,c000d5c3-5b0c-4c5c-9919-76640da0a1e4
,Savior of Ollenbock,Gravegouger,banish-graveyard (n=4),1857dc32-8ff1-4519-b1ca-480a5c2d3b3c,2677c0d9-1251-478e-b157-072859c593a9
,Deadeye Quartermaster,"Caradora, Heart of Alacria",tutor-artifact-vehicle (n=4),40abba38-533b-4f51-99e9-a2b337d65171,a9d60d80-bcef-45e0-8ded-d70bd3c2780f
,Elvish Harbinger,Skyshroud Poacher,tutor-creature-elf (n=4),28ddc23c-5b0b-4747-9a33-6845acf27bec,4f5921c1-b932-4d6b-bb8e-01992578abdc
,Elvish Harbinger,Wirewood Herald,tutor-creature-elf (n=4),28ddc23c-5b0b-4747-9a33-6845acf27bec,7a838374-fc40-4fb6-9d38-a96f01e7038a
,Wirewood Savage,Riptide Biologist,hate-typal-beast (n=4),45579312-499f-41de-b16e-a231d65a2053,fe378f26-5c80-4548-8127-10724ac0c452
,Frenetic Raptor,Totem Speaker,hate-typal-beast (n=4),4b875669-f5c4-4f52-95be-ac52b0e33ce1,61aa0e56-e8d9-4223-895f-e54cdc5a3f0f
,Crown of Suspicion,Faces of the Past,hate-typal-share (n=4),6586f8d1-196d-42a4-816f-629d432ece2f,c8cd2b52-6d32-413f-9b26-2f9d436dbeae
,Imperial Recovery Unit,Carrion Cruiser,regrowth-vehicle (n=4),18ad0dd1-2d0e-46b4-8ab1-ece07180267f,98a61659-9882-417c-9c16-16ebb26f9037
,Cairn Wanderer,Archetype of Finality,hate-deathtouch (n=4),a549d54f-2640-455c-8a93-bef4df2f9e8b,eb4e9ce9-1917-46b1-b01c-645f5920ef9c
,Reservoir Kraken,Shakedown Heavy,shakedown (n=4),42e4d4d8-e4e0-4cf8-a6d0-887a17513280,77b24f10-93af-44b9-af78-3a2f5ab32251
,Reservoir Kraken,Clackbridge Troll,shakedown (n=4),42e4d4d8-e4e0-4cf8-a6d0-887a17513280,9c2f25af-0b16-488d-9249-026a84bdb27f
,Reservoir Kraken,Desecration Demon,shakedown (n=4),42e4d4d8-e4e0-4cf8-a6d0-887a17513280,ef75be00-1a88-47a1-a1ae-fe2c9881a798
,Shakedown Heavy,Desecration Demon,shakedown (n=4),77b24f10-93af-44b9-af78-3a2f5ab32251,ef75be00-1a88-47a1-a1ae-fe2c9881a798
,Clackbridge Troll,Desecration Demon,shakedown (n=4),9c2f25af-0b16-488d-9249-026a84bdb27f,ef75be00-1a88-47a1-a1ae-fe2c9881a798
,Trip Wire,Borrowing the East Wind,hate-horsemanship (n=4),5751df7a-aa9a-4a27-b7ab-445ec4bcbdee,79334732-8db1-4393-9fed-3cde3c572c5c
,"Zuo Ci, the Mocking Sage",Taoist Mystic,hate-horsemanship (n=4),ae8773a3-05f2-4074-9a53-033b0c127235,e705ec38-b8f7-4f99-8cb9-8448dc3e50ec
,Avacynian Priest,Sigardian Priest,hate-typal-non-human (n=4),df7e296d-96de-4280-a4d8-49189544b9e3,f2e22c9d-b0ec-42bb-a520-3c36df546ba0
,Masterwork of Ingenuity,Bloodthirsty Blade,equipless-equipment (n=4),35d458fb-dfdb-41e4-92e3-f0fd392e1c69,b2747459-05ec-42a6-81be-e97e182bc778
,The Aetherspark,Cryptic Coat,equipless-equipment (n=4),483c747a-b602-4747-95bc-72c2c17ed509,73b8adea-1786-44fc-b190-bf240b07f5b6
,Cryptic Coat,Bloodthirsty Blade,equipless-equipment (n=4),73b8adea-1786-44fc-b190-bf240b07f5b6,b2747459-05ec-42a6-81be-e97e182bc778
,Glowcap Lantern,Lens of Clarity,precognition (n=4),2034d41b-5e77-49a6-884e-d3a6017f84d0,7df50107-25d8-47dc-9a13-27b257cfbf6f
,Voidwing Hybrid,"Venser, Corpse Puppet",synergy-proliferate (n=5),0dab592c-a230-408d-a383-044e561dbe5d,17c934a7-3480-4309-a217-ca2550538ae7
,Voidwing Hybrid,Scheming Aspirant,synergy-proliferate (n=5),0dab592c-a230-408d-a383-044e561dbe5d,cf4a3b1a-4b87-473e-be1f-3aa3da45c28e
,"Venser, Corpse Puppet",Scheming Aspirant,synergy-proliferate (n=5),17c934a7-3480-4309-a217-ca2550538ae7,cf4a3b1a-4b87-473e-be1f-3aa3da45c28e
,"Tekuthal, Inquiry Dominus","Ezuri, Stalker of Spheres",synergy-proliferate (n=5),4716ab91-30e6-4c63-8389-a9db8f9414d8,cffec16f-373b-43e7-a04c-4452987d7e02
,Phantasmal Forces,Phantasmal Fiend,creature-type-phantasm (n=5),06a158c6-7e36-49f8-a8e0-a7b7df5fd7ed,821ce349-5379-4415-89e2-224e21dda24b
,Phantasmal Forces,Phantom Monster,creature-type-phantasm (n=5),06a158c6-7e36-49f8-a8e0-a7b7df5fd7ed,bbd30183-524c-4b93-b953-90853ec3f39f
,Phantasmal Sphere,Phantasmal Mount,creature-type-phantasm (n=5),4230c7a3-4591-411e-afab-d2bfb58446de,8c7723a5-04c7-4241-b0ba-6a821449ca43
,Phantasmal Fiend,Phantom Monster,creature-type-phantasm (n=5),821ce349-5379-4415-89e2-224e21dda24b,bbd30183-524c-4b93-b953-90853ec3f39f
,Deathmark Prelate,Noxious Ghoul,hate-typal-non-zombie (n=5),3162e0b4-1348-4c86-8da7-ae23ff968c57,602e421e-afab-4488-8a52-af66b4fdce4b
,Clutch of Undeath,Call to the Grave,hate-typal-non-zombie (n=5),5a68c925-db79-44f2-a5c1-5a607298f6cf,db5a4c25-5ae5-4a04-be79-bdee39b9152c
,"Greensleeves, Maro-Sorcerer",Nameless One,hate-typal-wizard (n=5),2ac2d483-2d2a-4912-8db4-04a5a2080831,bd8d0498-53f9-484c-a59a-78daca468859
,"Sokka, Tenacious Tactician","Bria, Riptide Rogue",gives-prowess (n=5),6b68acc2-b9d5-495b-8054-c04bae1349f1,d627996b-cbcd-4162-bd13-9ab286de64d1
,"Sokka, Tenacious Tactician","Narset, Enlightened Exile",gives-prowess (n=5),6b68acc2-b9d5-495b-8054-c04bae1349f1,d92725de-ead0-4a6c-83db-55ec3acc7184
,"Bria, Riptide Rogue","Narset, Enlightened Exile",gives-prowess (n=5),d627996b-cbcd-4162-bd13-9ab286de64d1,d92725de-ead0-4a6c-83db-55ec3acc7184
,Wandering Mind,Fallaji Archaeologist,impulse-battle (n=5),0fa886c2-9b58-4368-b2d0-e619c62a554f,bf037457-82e3-45fd-bc17-5bc25e66c15e
,Wandering Mind,Thundertrap Trainer,impulse-battle (n=5),0fa886c2-9b58-4368-b2d0-e619c62a554f,d0be5969-0442-4557-a5fc-bee56e1835c2
,Fallaji Archaeologist,Thundertrap Trainer,impulse-battle (n=5),bf037457-82e3-45fd-bc17-5bc25e66c15e,d0be5969-0442-4557-a5fc-bee56e1835c2
,"Tamiyo, Inquisitive Student // Tamiyo, Seasoned Scholar",Sneaky Snacker,third-draw-matters (n=5),1ed9e351-0000-4b75-8ecb-d15bd88df68a,f255492e-4e12-48b4-9c19-8a2a2780a1b7
,The Golden Throne,Lich's Mirror,save-from-death (n=5),a68f41a2-37ee-46e1-bf3c-164c78b003ca,e81da4a7-4b03-4107-b7d9-4b635faa615d
,Chomping Kavu,Mournwillow,gives-daunt (n=5),20a362c3-d278-437f-881c-e7d9fe78fc2d,742f6478-7c9e-43a4-81c1-09383fe65dad
,Chomping Kavu,"Bright-Palm, Soul Awakener",gives-daunt (n=5),20a362c3-d278-437f-881c-e7d9fe78fc2d,f74888ee-5086-49a6-ae74-fd9894f46332
,Mournwillow,"Bright-Palm, Soul Awakener",gives-daunt (n=5),742f6478-7c9e-43a4-81c1-09383fe65dad,f74888ee-5086-49a6-ae74-fd9894f46332
,"Arnyn, Deathbloom Botanist","Squall, Gunblade Duelist",specific-toughness-matters (n=5),3debd5c7-da3c-4130-8ed9-e156e10034b6,880c2b0a-b708-4f11-a88a-ec990c904602
,"Arnyn, Deathbloom Botanist","Talion, the Kindly Lord",specific-toughness-matters (n=5),3debd5c7-da3c-4130-8ed9-e156e10034b6,a019e34d-00c4-4687-9d41-fe550bf1dbdc
,"Duskana, the Rage Mother","Talion, the Kindly Lord",specific-toughness-matters (n=5),68d97ebb-63f8-4795-bddb-03582e13b34d,a019e34d-00c4-4687-9d41-fe550bf1dbdc
,"Squall, Gunblade Duelist","Talion, the Kindly Lord",specific-toughness-matters (n=5),880c2b0a-b708-4f11-a88a-ec990c904602,a019e34d-00c4-4687-9d41-fe550bf1dbdc
,"Indominus Rex, Alpha","Kathril, Aspect Warper",double-strike-counter (n=5),723a66c3-2c2c-411c-bba5-922e8601981b,730897a9-3ead-4990-9492-1a2040d8ccac
,Wargate,Mimeofacture,tutor-permanent (n=5),26f39abe-ea0b-400d-b11c-03ee4cf50915,79b978b8-44c8-4ca8-bdd5-10490145398d
,Velukan Dragon,Arden Angel,digital-to-paper (n=5),667aef37-a47a-4593-a252-807c02416863,82d51c8a-d42b-48b3-a726-3a8d28d057e5
,Goblin Gang Leader,Mardu Outrider,digital-to-paper (n=5),79d99305-b3dd-4687-af69-bf4b28704aae,9bc5ed59-ae13-40df-94b9-c56c32673857
,"Tamiyo, Compleated Sage","Ajani, Sleeper Agent",unique-mana-symbol (n=5),021b4745-4a15-462c-a6b0-2dee1dc9d196,37714eb9-a39d-4534-a2d3-27908c418f8a
,"Tamiyo, Compleated Sage","Lukka, Bound to Ruin",unique-mana-symbol (n=5),021b4745-4a15-462c-a6b0-2dee1dc9d196,8e68eba1-65ac-4c03-956f-45e7b5695e2a
,"Tamiyo, Compleated Sage","Nahiri, the Unforgiving",unique-mana-symbol (n=5),021b4745-4a15-462c-a6b0-2dee1dc9d196,d71d42e0-cd56-4f53-95ff-ecab7f8c6552
,"Ajani, Sleeper Agent","Lukka, Bound to Ruin",unique-mana-symbol (n=5),37714eb9-a39d-4534-a2d3-27908c418f8a,8e68eba1-65ac-4c03-956f-45e7b5695e2a
,"Ajani, Sleeper Agent","Nahiri, the Unforgiving",unique-mana-symbol (n=5),37714eb9-a39d-4534-a2d3-27908c418f8a,d71d42e0-cd56-4f53-95ff-ecab7f8c6552
,"Lukka, Bound to Ruin","Nahiri, the Unforgiving",unique-mana-symbol (n=5),8e68eba1-65ac-4c03-956f-45e7b5695e2a,d71d42e0-cd56-4f53-95ff-ecab7f8c6552
,Sideswipe,Hisoka's Defiance,hate-arcane (n=5),07180afc-5c63-42e0-907b-0ed52f777165,2ac6f1c7-f4c5-4d45-9644-da49d8fe4758
,"Ishi-Ishi, Akki Crackshot",Kitsune Riftwalker,hate-arcane (n=5),30265fce-28e6-4994-83f7-0e4c4b22df35,87e44296-6c79-4065-aa54-33e508293a79
,Archivist of Oghma,Opposition Agent,tutor-interaction (n=5),08b13e1f-27ca-40a8-b5ed-88ac933d24bf,1f438b8f-fe23-4f3b-ab2e-f6c33676c462
,Archivist of Oghma,River Song,tutor-interaction (n=5),08b13e1f-27ca-40a8-b5ed-88ac933d24bf,418ecbb7-b809-4639-a531-070b58b5b85e
,Archivist of Oghma,Aven Mindcensor,tutor-interaction (n=5),08b13e1f-27ca-40a8-b5ed-88ac933d24bf,d9517c5d-66d0-4178-96fb-a8c04f311ad8
,Opposition Agent,River Song,tutor-interaction (n=5),1f438b8f-fe23-4f3b-ab2e-f6c33676c462,418ecbb7-b809-4639-a531-070b58b5b85e
,Opposition Agent,Aven Mindcensor,tutor-interaction (n=5),1f438b8f-fe23-4f3b-ab2e-f6c33676c462,d9517c5d-66d0-4178-96fb-a8c04f311ad8
,River Song,Aven Mindcensor,tutor-interaction (n=5),418ecbb7-b809-4639-a531-070b58b5b85e,d9517c5d-66d0-4178-96fb-a8c04f311ad8
,Chomping Kavu,Ghirapur Guide,gives-daunt (n=5),20a362c3-d278-437f-881c-e7d9fe78fc2d,92d5bb7e-08ba-448e-8763-f47c89505e80
,Mournwillow,Ghirapur Guide,gives-daunt (n=5),742f6478-7c9e-43a4-81c1-09383fe65dad,92d5bb7e-08ba-448e-8763-f47c89505e80
,Ghirapur Guide,"Bright-Palm, Soul Awakener",gives-daunt (n=5),92d5bb7e-08ba-448e-8763-f47c89505e80,f74888ee-5086-49a6-ae74-fd9894f46332
,Soul Partition,Airbending Lesson,protects-nonland (n=5),2cfd5c18-47d0-4549-aacc-2428db21df2f,e101b744-9175-4aa5-bf80-d6944359e538
,Choking Vines,Curtain of Light,block-without-creature (n=5),3b6b565e-c0b5-48f9-b3e0-4d5d4b065402,d6efbbf9-1449-45ce-b187-30041eb36d93
,Choking Vines,Fog Patch,block-without-creature (n=5),3b6b565e-c0b5-48f9-b3e0-4d5d4b065402,eb8ff6c1-f9b4-4dae-8f46-0f1ad4c05355
,Curtain of Light,Dazzling Beauty,block-without-creature (n=5),d6efbbf9-1449-45ce-b187-30041eb36d93,de96ef93-a2e0-409d-9d25-fcb2405039b5
,Curtain of Light,Fog Patch,block-without-creature (n=5),d6efbbf9-1449-45ce-b187-30041eb36d93,eb8ff6c1-f9b4-4dae-8f46-0f1ad4c05355
,Dazzling Beauty,Fog Patch,block-without-creature (n=5),de96ef93-a2e0-409d-9d25-fcb2405039b5,eb8ff6c1-f9b4-4dae-8f46-0f1ad4c05355
,Zo-Zu the Punisher,Tunnel Ignus,hate-ramp (n=5),0e412b68-9179-4094-960a-95692428855b,41353001-eba4-45b5-8dd2-09d49b63b6b1
,Zo-Zu the Punisher,Deep Gnome Terramancer,hate-ramp (n=5),0e412b68-9179-4094-960a-95692428855b,d4e3440d-4e34-40d7-8a42-c673225c0332
,Tunnel Ignus,Deep Gnome Terramancer,hate-ramp (n=5),41353001-eba4-45b5-8dd2-09d49b63b6b1,d4e3440d-4e34-40d7-8a42-c673225c0332
,Twice Upon a Time // Unlikely Meeting,The Five Doctors,tutor-creature-doctor (n=5),04dc2e9c-312c-4af8-950c-6a7ed859c9be,dbdd93d2-f2c6-43f9-93e6-2185c7df83bc
,The Caves of Androzani,The Eleventh Hour,tutor-creature-doctor (n=5),5ce47fb9-4e4f-4419-af75-309d2743f5f9,6b3e1aaf-6909-400a-88f2-9e9fde9a0cf7
,The Caves of Androzani,Fugitive of the Judoon,tutor-creature-doctor (n=5),5ce47fb9-4e4f-4419-af75-309d2743f5f9,cacda1c2-2fe8-40a3-89f3-38a835f10af3
,The Eleventh Hour,Fugitive of the Judoon,tutor-creature-doctor (n=5),6b3e1aaf-6909-400a-88f2-9e9fde9a0cf7,cacda1c2-2fe8-40a3-89f3-38a835f10af3
,Mogis's Marauder,Korozda Guildmage,gains-intimidate (n=5),7a8bfc6b-0a24-42ad-a2c5-ac8d29d4c1b9,b209b4ae-ceba-4a98-b307-222d3c78f8a1
,Farrel's Zealot,Dwarven Vigilantes,cunning (n=5),0d063c0e-66bc-4a9c-98aa-a381b9cea120,b49baf80-237c-41ee-8a22-2b6a68a313e7
,Slaughter Pact,Summoner's Pact,delayed-payment (n=5),67c4b1d5-757c-46cf-8bb1-9889d9ed1a1f,782dcbc4-5a11-42f5-b8d9-4572e36d45b3
,Slaughter Pact,Intervention Pact,delayed-payment (n=5),67c4b1d5-757c-46cf-8bb1-9889d9ed1a1f,9f9882f5-2338-4881-b418-b15348a462b4
,Slaughter Pact,Pact of the Titan,delayed-payment (n=5),67c4b1d5-757c-46cf-8bb1-9889d9ed1a1f,cf4959bf-92ae-4c9b-b631-724ce100cbb8
,Slaughter Pact,Pact of Negation,delayed-payment (n=5),67c4b1d5-757c-46cf-8bb1-9889d9ed1a1f,f3e213a4-ba5a-468a-93b3-c0a34e1bd725
,Summoner's Pact,Intervention Pact,delayed-payment (n=5),782dcbc4-5a11-42f5-b8d9-4572e36d45b3,9f9882f5-2338-4881-b418-b15348a462b4
,Summoner's Pact,Pact of the Titan,delayed-payment (n=5),782dcbc4-5a11-42f5-b8d9-4572e36d45b3,cf4959bf-92ae-4c9b-b631-724ce100cbb8
,Summoner's Pact,Pact of Negation,delayed-payment (n=5),782dcbc4-5a11-42f5-b8d9-4572e36d45b3,f3e213a4-ba5a-468a-93b3-c0a34e1bd725
,Intervention Pact,Pact of the Titan,delayed-payment (n=5),9f9882f5-2338-4881-b418-b15348a462b4,cf4959bf-92ae-4c9b-b631-724ce100cbb8
,Intervention Pact,Pact of Negation,delayed-payment (n=5),9f9882f5-2338-4881-b418-b15348a462b4,f3e213a4-ba5a-468a-93b3-c0a34e1bd725
,Pact of the Titan,Pact of Negation,delayed-payment (n=5),cf4959bf-92ae-4c9b-b631-724ce100cbb8,f3e213a4-ba5a-468a-93b3-c0a34e1bd725
,Giant Slug,Illusionary Presence,gains-landwalk (n=5),1ce7f356-1f9b-44dc-9b05-f7b1ecc5d755,8f319b31-efb0-4f48-a2a3-1f308e7b1dda
,Cairn Wanderer,Magnigoth Treefolk,gains-landwalk (n=5),a549d54f-2640-455c-8a93-bef4df2f9e8b,b153e4c4-6557-43a6-8404-e4450f879945
,Splashy Spellcaster,Ellivere of the Wild Court,repeatable-roles (n=5),21486218-70ec-4c60-9844-8f7c80912333,97f9b82f-b3cf-44ff-9abc-2d92d7cbaa27
,Splashy Spellcaster,"Gylwain, Casting Director",repeatable-roles (n=5),21486218-70ec-4c60-9844-8f7c80912333,e7dfe47f-41fc-4071-9ad3-96cd8d9be52e
,Spellbook Vendor,"Gylwain, Casting Director",repeatable-roles (n=5),51dad7d3-f91d-4bd8-aaed-235da42a448b,e7dfe47f-41fc-4071-9ad3-96cd8d9be52e
,Ellivere of the Wild Court,"Gylwain, Casting Director",repeatable-roles (n=5),97f9b82f-b3cf-44ff-9abc-2d92d7cbaa27,e7dfe47f-41fc-4071-9ad3-96cd8d9be52e
,Emergent Ultimatum,Maestros Confluence,synergy-monocolor (n=5),0eecdfb3-3b05-4051-a660-060ff6df80ef,ef67a41b-a2a6-4f1b-a0d5-15560e99e387
,Jasmine Boreal of the Seven,Fang-Druid Summoner,synergy-vanilla (n=5),138201c0-556d-4c76-b383-90fc9dad0fe0,1a9bfe76-6c74-4393-b04e-461422a29ddb
,Jasmine Boreal of the Seven,"Ruxa, Patient Professor",synergy-vanilla (n=5),138201c0-556d-4c76-b383-90fc9dad0fe0,d760f2f0-6653-47c4-bd7b-aab2f398ddf2
,Fang-Druid Summoner,"Ruxa, Patient Professor",synergy-vanilla (n=5),1a9bfe76-6c74-4393-b04e-461422a29ddb,d760f2f0-6653-47c4-bd7b-aab2f398ddf2
,Curse of Surveillance,Curse of Misfortunes,synergy-curse (n=5),4fd061f2-7269-4eea-bc7c-95a123893efa,b03c7c8d-8206-45cd-8ead-8f7b35c03a7a
,Curse of Surveillance,Curse of Thirst,synergy-curse (n=5),4fd061f2-7269-4eea-bc7c-95a123893efa,ffe3ad06-50d8-4ca3-a1f7-aa31dc2c486e
,Bitterheart Witch,"Lynde, Cheerful Tormentor",synergy-curse (n=5),67466d56-9f28-4bbe-ae54-6fd834581e77,dc386f6c-bd4a-462a-8d42-0e7a552a4f17
,Curse of Misfortunes,Curse of Thirst,synergy-curse (n=5),b03c7c8d-8206-45cd-8ead-8f7b35c03a7a,ffe3ad06-50d8-4ca3-a1f7-aa31dc2c486e
,"Mahadi, Emporium Master",Rakshasa Deathdealer,type-removal-cat-rakshasa (n=5),1b3e841e-0f8f-467d-9983-f9b8d081a67f,acdc17cf-8f8c-42ee-bede-481ce00cf4bf
,Rakshasa Gravecaller,Rakshasa Vizier,type-removal-cat-rakshasa (n=5),1b57e9f8-68af-4f83-9062-6d715857dcef,9bdef081-1408-4125-82c3-04296dee05d5
,Rakshasa Gravecaller,Rakshasa Debaser,type-removal-cat-rakshasa (n=5),1b57e9f8-68af-4f83-9062-6d715857dcef,db286eef-f0df-4f7c-8e06-957447166950
,Rakshasa Vizier,Rakshasa Debaser,type-removal-cat-rakshasa (n=5),9bdef081-1408-4125-82c3-04296dee05d5,db286eef-f0df-4f7c-8e06-957447166950
,Eldrazi Confluence,Airbending Lesson,protects-nonland (n=5),01160cb5-6d83-4317-9522-74083b3a83bb,e101b744-9175-4aa5-bf80-d6944359e538
,Avenging Huntbonder,"Indominus Rex, Alpha",double-strike-counter (n=5),4957c166-9734-4ba0-a4b9-2a248c0ff38f,723a66c3-2c2c-411c-bba5-922e8601981b
,Avenging Huntbonder,"Kathril, Aspect Warper",double-strike-counter (n=5),4957c166-9734-4ba0-a4b9-2a248c0ff38f,730897a9-3ead-4990-9492-1a2040d8ccac
,Irreverent Revelers,Hag Hedge-Mage,tongue-twister (n=5),05abc57a-839d-4376-986c-8e3855e34239,364e8bd6-52e5-4397-8d2a-10c4706e5a45
,Irreverent Revelers,Ghirapur Gearcrafter,tongue-twister (n=5),05abc57a-839d-4376-986c-8e3855e34239,710dc9b1-7d32-4330-95a8-3e91a668202a
,Irreverent Revelers,Steeple Creeper,tongue-twister (n=5),05abc57a-839d-4376-986c-8e3855e34239,f53f33ed-5c8c-4835-bc5f-65a8acfa3f5b
,Irreverent Revelers,Rural Recruit,tongue-twister (n=5),05abc57a-839d-4376-986c-8e3855e34239,fda06d9e-d17f-4bb6-916b-06116e47c8e8
,Hag Hedge-Mage,Ghirapur Gearcrafter,tongue-twister (n=5),364e8bd6-52e5-4397-8d2a-10c4706e5a45,710dc9b1-7d32-4330-95a8-3e91a668202a
,Hag Hedge-Mage,Steeple Creeper,tongue-twister (n=5),364e8bd6-52e5-4397-8d2a-10c4706e5a45,f53f33ed-5c8c-4835-bc5f-65a8acfa3f5b
,Hag Hedge-Mage,Rural Recruit,tongue-twister (n=5),364e8bd6-52e5-4397-8d2a-10c4706e5a45,fda06d9e-d17f-4bb6-916b-06116e47c8e8
,Ghirapur Gearcrafter,Steeple Creeper,tongue-twister (n=5),710dc9b1-7d32-4330-95a8-3e91a668202a,f53f33ed-5c8c-4835-bc5f-65a8acfa3f5b
,Ghirapur Gearcrafter,Rural Recruit,tongue-twister (n=5),710dc9b1-7d32-4330-95a8-3e91a668202a,fda06d9e-d17f-4bb6-916b-06116e47c8e8
,Steeple Creeper,Rural Recruit,tongue-twister (n=5),f53f33ed-5c8c-4835-bc5f-65a8acfa3f5b,fda06d9e-d17f-4bb6-916b-06116e47c8e8
,Thalakos Drifters,Trespasser il-Vec,gains-shadow (n=5),1afa006b-1190-4047-a9fe-4215f20df8f2,90980841-4994-453c-a076-6cdf8d85c809
,Thalakos Drifters,Cutthroat il-Dal,gains-shadow (n=5),1afa006b-1190-4047-a9fe-4215f20df8f2,c70526a6-9071-4f34-b5fb-9d075021f667
,Trespasser il-Vec,Soltari Emissary,gains-shadow (n=5),90980841-4994-453c-a076-6cdf8d85c809,a8211eb1-332d-41c0-8086-4a18cd7a5832
,Trespasser il-Vec,Cutthroat il-Dal,gains-shadow (n=5),90980841-4994-453c-a076-6cdf8d85c809,c70526a6-9071-4f34-b5fb-9d075021f667
,The Book of Exalted Deeds,Monster Manual // Zoological Study,dnd-book (n=5),046add85-952f-46ac-974a-463d2a7d3fd4,6d4e7943-1fdf-4085-8af0-658badbd0cb8
,The Book of Exalted Deeds,The Book of Vile Darkness,dnd-book (n=5),046add85-952f-46ac-974a-463d2a7d3fd4,fcc666bc-6fea-44e0-94bc-462c742db528
,Monster Manual // Zoological Study,The Book of Vile Darkness,dnd-book (n=5),6d4e7943-1fdf-4085-8af0-658badbd0cb8,fcc666bc-6fea-44e0-94bc-462c742db528
,"Astor, Bearer of Blades","Rip, Spawn Hunter",impulse-artifact-vehicle (n=5),196962f0-6aff-4198-9e0c-eaf42aeaf147,c027f369-e445-46a8-94ad-93396321295a
,"Astor, Bearer of Blades","Depala, Pilot Exemplar",impulse-artifact-vehicle (n=5),196962f0-6aff-4198-9e0c-eaf42aeaf147,cc913f28-18ef-485e-8d2b-ae0115523020
,"Astor, Bearer of Blades","Adéwalé, Breaker of Chains",impulse-artifact-vehicle (n=5),196962f0-6aff-4198-9e0c-eaf42aeaf147,e30d9e08-cf88-4e2d-95e1-7144d8fea5c7
,"Sanwell, Avenger Ace","Depala, Pilot Exemplar",impulse-artifact-vehicle (n=5),4884ad6c-2290-44fc-ab9e-6e6b75b2d69a,cc913f28-18ef-485e-8d2b-ae0115523020
,"Sanwell, Avenger Ace","Adéwalé, Breaker of Chains",impulse-artifact-vehicle (n=5),4884ad6c-2290-44fc-ab9e-6e6b75b2d69a,e30d9e08-cf88-4e2d-95e1-7144d8fea5c7
,"Rip, Spawn Hunter","Depala, Pilot Exemplar",impulse-artifact-vehicle (n=5),c027f369-e445-46a8-94ad-93396321295a,cc913f28-18ef-485e-8d2b-ae0115523020
,"Rip, Spawn Hunter","Adéwalé, Breaker of Chains",impulse-artifact-vehicle (n=5),c027f369-e445-46a8-94ad-93396321295a,e30d9e08-cf88-4e2d-95e1-7144d8fea5c7
,"Depala, Pilot Exemplar","Adéwalé, Breaker of Chains",impulse-artifact-vehicle (n=5),cc913f28-18ef-485e-8d2b-ae0115523020,e30d9e08-cf88-4e2d-95e1-7144d8fea5c7
,"Mishra, Tamer of Mak Fawa","Sedris, the Traitor King",gives-unearth (n=5),3be40d81-9be5-4f39-8ce4-920c26cf2748,48054407-b5e1-431c-ad03-c12a31d0d9a8
,"Mishra, Tamer of Mak Fawa",Solemn Doomguide,gives-unearth (n=5),3be40d81-9be5-4f39-8ce4-920c26cf2748,c3e4a6ce-4a36-43a4-8e80-3c16a9101b79
,"Sedris, the Traitor King",Solemn Doomguide,gives-unearth (n=5),48054407-b5e1-431c-ad03-c12a31d0d9a8,c3e4a6ce-4a36-43a4-8e80-3c16a9101b79
,Deadlock Trap,Braided Net // Braided Quipu,tapper-planeswalker (n=5),726c911d-6543-4400-a8fa-b8a5c9f0c15d,86ef06b3-2049-494d-9ecb-ca14766d3b68
,"Danitha Capashen, Paragon",Golden-Tail Trainer,cost-reducer-aura (n=5),4b6377da-83e7-4519-9582-16a9c16b8faa,9e0461e7-ccc4-413b-be80-83311be46861
,Urianger Augurelt,Balshan Beguiler,top-deck-manipulation (n=5),7ca584e7-4621-4b4e-a381-a0051acbf66a,928a7fbc-ba34-42a9-947e-0f3bf1cba152
,Urianger Augurelt,"Gylwain, Casting Director",top-deck-manipulation (n=5),7ca584e7-4621-4b4e-a381-a0051acbf66a,e7dfe47f-41fc-4071-9ad3-96cd8d9be52e
,Balshan Beguiler,"Gylwain, Casting Director",top-deck-manipulation (n=5),928a7fbc-ba34-42a9-947e-0f3bf1cba152,e7dfe47f-41fc-4071-9ad3-96cd8d9be52e
